<?xml version = "1.0" encoding = "utf-8"?>
<!DOCTYPE hibernate-configuration SYSTEM
    "http://www.hibernate.org/dtd/hibernate-configuration-3.0.dtd">
<hibernate-configuration>
    <session-factory>
        <!-- JDBC Database connection settings -->
        <mapping class="com.vds.huylq33.model.User"/>
        <mapping class="com.vds.huylq33.model.Account"/>
        <mapping class="com.vds.huylq33.model.Address"/>
        <property name="hibernate.connection.driver_class">org.h2.Driver</property>

        <!-- JDBC connection pool settings ... using built-in test pool -->
        <property name="connection.url">jdbc:h2:mem:test</property>
        <!-- Select our SQL dialect -->
        <property name="connection.username">sa</property>
        <!-- Echo the SQL to stdout -->
        <property name="connection.password"></property>
        <!-- Set the current session context -->
        <property name="connection.pool_size">1</property>
        <!-- Drop and re-create the database schema on startup -->
        <property name="dialect">org.hibernate.dialect.H2Dialect</property>
        <!-- dbcp connection pool configuration -->
        <property name="show_sql">true</property>
        <property name="current_session_context_class">thread</property>
        <property name="hbm2ddl.auto">create-drop</property>
        <property name="hibernate.dbcp.initialSize">5</property>
        <property name="hibernate.dbcp.maxTotal">20</property>

        <property name="hibernate.dbcp.maxIdle">10</property>
        <property name="hibernate.dbcp.minIdle">5</property>
        <property name="hibernate.dbcp.maxWaitMillis">-1</property>
    </session-factory>

</hibernate-configuration>